<?xml version="1.0" encoding="UTF-8"?>
<project-private xmlns="http://www.netbeans.org/ns/project-private/1">
    <editor-bookmarks xmlns="http://www.netbeans.org/ns/editor-bookmarks/2" lastBookmarkId="0"/>
    <open-files xmlns="http://www.netbeans.org/ns/projectui-open-files/2">
        <group>
            <file>file:/C:/Users/Sahanara%20Khatun/Downloads/Documents/NetBeansProjects/BRACUHangoutPlanner/src/my/hangout/ViewFriends.java</file>
            <file>file:/C:/Users/Sahanara%20Khatun/Downloads/Documents/NetBeansProjects/BRACUHangoutPlanner/src/my/hangout/FreeTime.java</file>
            <file>file:/C:/Users/Sahanara%20Khatun/Downloads/Documents/NetBeansProjects/BRACUHangoutPlanner/src/bracuhangoutplanner/BRACUHangoutPlanner.java</file>
            <file>file:/C:/Users/Sahanara%20Khatun/Downloads/Documents/NetBeansProjects/BRACUHangoutPlanner/src/my/hangout/MenuBar.java</file>
            <file>file:/C:/Users/Sahanara%20Khatun/Downloads/Documents/NetBeansProjects/BRACUHangoutPlanner/src/my/hangout/NewFriendName.java</file>
            <file>file:/C:/Users/Sahanara%20Khatun/Downloads/Documents/NetBeansProjects/BRACUHangoutPlanner/src/my/hangout/Variables.java</file>
            <file>file:/C:/Users/Sahanara%20Khatun/Downloads/Documents/NetBeansProjects/BRACUHangoutPlanner/src/my/hangout/Node.java</file>
            <file>file:/C:/Users/Sahanara%20Khatun/Downloads/Documents/NetBeansProjects/BRACUHangoutPlanner/src/my/hangout/BRACUHangoutPlannerUI.java</file>
        </group>
    </open-files>
</project-private>
